Contenido,IR,Fecha,Dispositivo,Likes,Retweets,Entidad,Hora,Foto
El dato del d√≠a https://t.co/VZRePQXmtk,https://twitter.com/i/web/status/1372742380303028224,18/03/2021 20:51:02,Twitter Web App,3,1,Secretar√≠a de Salud,20:51:02,http://pbs.twimg.com/profile_images/1347259182777557002/Yge3kdJi.jpg
COMUNICADO No.75 del Sistema Nacional de Gesti√≥n de Riesgos (SINAGER) con actualizaci√≥n casos de #Covid19 del 18 de‚Ä¶ https://t.co/zja92VSihZ,https://twitter.com/i/web/status/1372770152320696326,18/03/2021 22:41:23,Twitter Web App,2,2,Secretar√≠a de Salud,22:41:23,http://pbs.twimg.com/profile_images/1347259182777557002/Yge3kdJi.jpg
"Las noticias m√°s destacadas del viernes 19 de marzo de 2021.
#HondurasConHechos
#HechosParaUsted https://t.co/TBvVefTiyT",https://twitter.com/i/web/status/1372919350382972928,19/03/2021 08:34:15,Twitter Web App,1,0,Secretar√≠a de Salud,08:34:15,http://pbs.twimg.com/profile_images/1347259182777557002/Yge3kdJi.jpg
#HondurasSeReconstruye https://t.co/2HbQaG5W99,https://twitter.com/i/web/status/1372920171782942722,19/03/2021 08:37:31,Twitter Web App,1,2,Secretar√≠a de Salud,08:37:31,http://pbs.twimg.com/profile_images/1347259182777557002/Yge3kdJi.jpg
"RT @OPSOMSBolivia: La Organizaci√≥n Panamericana de la Salud/Organizaci√≥n Mundial de la Salud (OPS/OMS), representaci√≥n en Bolivia, acaba de‚Ä¶",https://twitter.com/i/web/status/1373028505903054854,19/03/2021 15:48:00,Twitter for iPhone,0,15,OPS/OMS,15:48:00,http://pbs.twimg.com/profile_images/1096094749902028801/ijbQWupW.png
RT @opscuba: Fueron entregados a @CubaMined materiales comunicativos para ayudar la prevenci√≥n de la COVID-19 en el espacio escolar: histor‚Ä¶,https://twitter.com/i/web/status/1373028553143545857,19/03/2021 15:48:11,Twitter for iPhone,0,5,OPS/OMS,15:48:11,http://pbs.twimg.com/profile_images/1096094749902028801/ijbQWupW.png
RT @OPASOMSBrasil: A pandemia de #COVID19 tem provocado atitudes discriminat√≥rios e estigma contra pessoas de algumas origens √©tnicas e que‚Ä¶,https://twitter.com/i/web/status/1373028619992334338,19/03/2021 15:48:27,Twitter for iPhone,0,6,OPS/OMS,15:48:27,http://pbs.twimg.com/profile_images/1096094749902028801/ijbQWupW.png
"RT @Ops_Paraguay: La vacunaci√≥n contra el COVID-19 no reducir√° ni las enfermedades, ni las muertes por otras causas. Se conoce que  los eve‚Ä¶",https://twitter.com/i/web/status/1373028664120651781,19/03/2021 15:48:37,Twitter for iPhone,0,6,OPS/OMS,15:48:37,http://pbs.twimg.com/profile_images/1096094749902028801/ijbQWupW.png
RT @Ops_Paraguay: La OMS est√° en contacto regular con la Agencia Europea de Medicamentos y con los reguladores de todo el mundo para obtene‚Ä¶,https://twitter.com/i/web/status/1373028676254769152,19/03/2021 15:48:40,Twitter for iPhone,0,4,OPS/OMS,15:48:40,http://pbs.twimg.com/profile_images/1096094749902028801/ijbQWupW.png
"RT @Ops_Paraguay: En las campa√±as masivas de vacunaci√≥n, es de rutina que los pa√≠ses informen posibles eventos adversos despu√©s de la inmun‚Ä¶",https://twitter.com/i/web/status/1373028694646738955,19/03/2021 15:48:45,Twitter for iPhone,0,7,OPS/OMS,15:48:45,http://pbs.twimg.com/profile_images/1096094749902028801/ijbQWupW.png
"RT @opsomschile: El edadismo se refiere a c√≥mo pensamos (estereotipos), sentimos (prejuicios) y actuamos (discriminaci√≥n) hacia otras perso‚Ä¶",https://twitter.com/i/web/status/1373028832236670986,19/03/2021 15:49:17,Twitter for iPhone,0,13,OPS/OMS,15:49:17,http://pbs.twimg.com/profile_images/1096094749902028801/ijbQWupW.png
"RT @OPSOMS_Honduras: Alejandra Reyes, m√©dico en servicio social, asignada al Centro del Migrante Retornado, y quien ha sido beneficiar√≠a de‚Ä¶",https://twitter.com/i/web/status/1373029053914087425,19/03/2021 15:50:10,Twitter for iPhone,0,2,OPS/OMS,15:50:10,http://pbs.twimg.com/profile_images/1096094749902028801/ijbQWupW.png
"L√°vate las manitas ‚úãüèæü§öüèº  con Tibur√≥n Beb√©  ü¶à  y recuerda... ponte tu üò∑ y mant√©n la distancia.

¬øC√≥mo? üëá

‚ûï INFO sob‚Ä¶ https://t.co/bktcHXgvXd",https://twitter.com/i/web/status/1373033036451827713,19/03/2021 16:06:00,Twitter Media Studio,27,18,OPS/OMS,16:06:00,http://pbs.twimg.com/profile_images/1096094749902028801/ijbQWupW.png
"La ministra de Salud, Alba Consuelo Flores, alert√≥ esta tarde a la poblaci√≥n hondure√±a para que no adquiera vacunas‚Ä¶ https://t.co/tmWnX8eVgm",https://twitter.com/i/web/status/1373050549461995525,19/03/2021 17:15:35,Twitter for iPhone,3,0,Secretar√≠a de Salud,17:15:35,http://pbs.twimg.com/profile_images/1347259182777557002/Yge3kdJi.jpg
"Dej√≥ claro que hasta el momento s√≥lo la Secretar√≠a de Salud y el Instituto Hondure√±o de Seguridad Social, son los √∫‚Ä¶ https://t.co/VW8affnTPy",https://twitter.com/i/web/status/1373050551458496522,19/03/2021 17:15:36,Twitter for iPhone,2,0,Secretar√≠a de Salud,17:15:36,http://pbs.twimg.com/profile_images/1347259182777557002/Yge3kdJi.jpg
"Para fortalecer la atenci√≥n hospitalaria
Gobierno del Jap√≥n dona seis ultrasonidos a la Secretar√≠a de Salud

En sep‚Ä¶ https://t.co/89IdcnsOiw",https://twitter.com/i/web/status/1373052790231154692,19/03/2021 17:24:29,Twitter for iPhone,4,1,Secretar√≠a de Salud,17:24:29,http://pbs.twimg.com/profile_images/1347259182777557002/Yge3kdJi.jpg
Autoridades de la Secretar√≠a de Salud recibieron este viernes el tercer y √∫ltimo lote de equipo de ultrasonidos dig‚Ä¶ https://t.co/0kAUamZJYp,https://twitter.com/i/web/status/1373052792265379844,19/03/2021 17:24:30,Twitter for iPhone,0,0,Secretar√≠a de Salud,17:24:30,http://pbs.twimg.com/profile_images/1347259182777557002/Yge3kdJi.jpg
"Personal de salud de brigadas m√≥viles de SPS:
‚ÄúGracias por ponernos como prioridad para recibir la vacuna‚Äù
¬†
La pri‚Ä¶ https://t.co/OBNiQ8FKay",https://twitter.com/i/web/status/1373053318054940673,19/03/2021 17:26:35,Twitter for iPhone,1,0,Secretar√≠a de Salud,17:26:35,http://pbs.twimg.com/profile_images/1347259182777557002/Yge3kdJi.jpg
"‚úÖ L√°vate las manitas ‚úãüèæü§öüèº  con Tibur√≥n Beb√©  ü¶à  y recuerda... ponte tu üò∑ y mant√©n la distancia.

¬øC√≥mo? üëá

‚ûï INFO s‚Ä¶ https://t.co/3xBE0Qn5gU",https://twitter.com/i/web/status/1373244429402738689,20/03/2021 06:06:00,Twitter Media Studio,34,22,OPS/OMS,06:06:00,http://pbs.twimg.com/profile_images/1096094749902028801/ijbQWupW.png
"Las noticias m√°s destacadas del s√°bado 20 de marzo de 2021.
#HondurasConHechos
#HechosParaUsted https://t.co/9GVlqux1oH",https://twitter.com/i/web/status/1373270382082457601,20/03/2021 07:49:07,Twitter Web App,0,0,Secretar√≠a de Salud,07:49:07,http://pbs.twimg.com/profile_images/1347259182777557002/Yge3kdJi.jpg
